-- Seed data for Youth Collective Council platform
-- This adds sample organizations and users for testing
-- Note: User UUIDs are generated by Supabase auth, so we create them with proper UUIDs

-- Generate proper UUIDs for org staff users
-- Insert sample organization staff users
INSERT INTO profiles (id, user_type, display_name, city, bio, created_at)
VALUES
  ('550e8400-e29b-41d4-a716-446655440001', 'organization_staff', 'Priya Sharma', 'Pune', 'Founder of Pune Youth Foundation', now()),
  ('550e8400-e29b-41d4-a716-446655440002', 'organization_staff', 'Rajesh Desai', 'Pune', 'Director of Enviro Change', now()),
  ('550e8400-e29b-41d4-a716-446655440003', 'organization_staff', 'Aisha Khan', 'Pune', 'Tech Lead at Tech Empowerment', now())
ON CONFLICT (id) DO NOTHING;

-- Use proper UUID format for org IDs and foreign keys
-- Insert sample organizations
INSERT INTO organizations (id, created_by, name, mission, description, website, focus_areas, created_at)
VALUES
  ('550e8400-e29b-41d4-a716-446655440010', '550e8400-e29b-41d4-a716-446655440001', 'Pune Youth Foundation', 'Empowering youth through education and mentorship', 
   'We work with underprivileged youth in Pune to provide quality education, skill development, and mentorship. Our goal is to create leaders and changemakers in our community.',
   'https://puneyouthfoundation.org', 
   '["Education", "Skills", "Community"]',
   now()),
  
  ('550e8400-e29b-41d4-a716-446655440011', '550e8400-e29b-41d4-a716-446655440002', 'Enviro Change', 'Building a sustainable Pune, one initiative at a time', 
   'We focus on environmental conservation, waste management, and sustainable living practices. Join us in making Pune greener and cleaner.',
   'https://envirochange.org',
   '["Environment", "Community", "Health"]',
   now()),
  
  ('550e8400-e29b-41d4-a716-446655440012', '550e8400-e29b-41d4-a716-446655440003', 'Tech Empowerment', 'Technology education for underserved communities', 
   'We provide free coding bootcamps, digital literacy programs, and tech mentorship to help disadvantaged youth break into the tech industry.',
   'https://techempowerment.org',
   '["Technology", "Education", "Skills"]',
   now()),
  
  ('550e8400-e29b-41d4-a716-446655440013', '550e8400-e29b-41d4-a716-446655440001', 'Health For All', 'Making healthcare accessible to everyone', 
   'Community health initiatives focusing on preventive care, health awareness camps, and support for marginalized communities.',
   'https://healthforall.org',
   '["Health", "Community", "Education"]',
   now()),
  
  ('550e8400-e29b-41d4-a716-446655440014', '550e8400-e29b-41d4-a716-446655440002', 'Arts & Culture Collective', 'Preserving and promoting local arts', 
   'We work on preserving traditional arts, supporting young artists, and making culture accessible to all sections of society.',
   'https://artsculture.org',
   '["Arts", "Community", "Education"]',
   now())
ON CONFLICT (id) DO NOTHING;

-- Insert sample posts from organizations
INSERT INTO posts (id, author_id, title, content, post_type, tags, organization_id, created_at)
VALUES
  ('550e8400-e29b-41d4-a716-446655440020', '550e8400-e29b-41d4-a716-446655440001', 'Summer Coding Bootcamp 2025', 
   'Join our 8-week intensive coding bootcamp! Learn Web Development, Mobile Apps, and Data Science from industry experts. Free for underprivileged youth. Limited seats available.',
   'opportunity', 
   '["education", "technology", "summer"]',
   '550e8400-e29b-41d4-a716-446655440010',
   now() - interval '2 days'),
  
  ('550e8400-e29b-41d4-a716-446655440021', '550e8400-e29b-41d4-a716-446655440002', 'Tree Planting Drive - June 15', 
   'Help us plant 1000 trees across Pune. We need volunteers for tree planting, watering setup, and community engagement. All ages welcome!',
   'opportunity',
   '["environment", "community", "outdoor"]',
   '550e8400-e29b-41d4-a716-446655440011',
   now() - interval '3 days'),
  
  ('550e8400-e29b-41d4-a716-446655440022', '550e8400-e29b-41d4-a716-446655440003', 'Scholarship Opportunity: Full Digital Marketing Course', 
   'We''re offering 5 scholarships for our comprehensive digital marketing course. Apply now if you''re passionate about marketing and want to build a career in tech.',
   'opportunity',
   '["technology", "skills", "scholarship"]',
   '550e8400-e29b-41d4-a716-446655440012',
   now() - interval '1 day'),
  
  ('550e8400-e29b-41d4-a716-446655440023', '550e8400-e29b-41d4-a716-446655440001', 'Monthly Newsletter: May Updates', 
   'Read about our latest programs, success stories, and upcoming events. Over 500 youth joined our mentorship program this month!',
   'announcement',
   '["news", "update"]',
   '550e8400-e29b-41d4-a716-446655440010',
   now() - interval '5 days'),
  
  ('550e8400-e29b-41d4-a716-446655440024', '550e8400-e29b-41d4-a716-446655440002', 'Join Our Environmental Discussion: Plastic-Free Pune', 
   'Let''s discuss realistic ways to reduce single-use plastics. Share your ideas, challenges, and solutions for making Pune plastic-free by 2030.',
   'discussion',
   '["environment", "sustainability"]',
   '550e8400-e29b-41d4-a716-446655440011',
   now() - interval '4 days'),
  
  ('550e8400-e29b-41d4-a716-446655440025', '550e8400-e29b-41d4-a716-446655440003', 'Mentorship: Find Your Tech Role Model', 
   'Looking for experienced professionals to mentor 1-2 junior developers. Flexible commitment - could be a 3-month or 6-month mentorship.',
   'opportunity',
   '["mentorship", "technology", "volunteer"]',
   '550e8400-e29b-41d4-a716-446655440012',
   now() - interval '2 days')
ON CONFLICT (id) DO NOTHING;

-- Insert sample forum threads
INSERT INTO forum_threads (id, created_by, title, description, category, created_at)
VALUES
  ('550e8400-e29b-41d4-a716-446655440030', '550e8400-e29b-41d4-a716-446655440001', 'How to balance full-time job with volunteering?', 
   'I want to contribute to social causes but work 9-5. Any tips on managing time and not burning out?',
   'General',
   now() - interval '6 days'),
  
  ('550e8400-e29b-41d4-a716-446655440031', '550e8400-e29b-41d4-a716-446655440002', 'Best practices for environmental awareness campaigns', 
   'What strategies have worked for you? Share successful environmental awareness initiatives!',
   'Environment',
   now() - interval '4 days'),
  
  ('550e8400-e29b-41d4-a716-446655440032', '550e8400-e29b-41d4-a716-446655440003', 'Learning resources for aspiring developers', 
   'Share your favorite courses, books, and platforms for learning coding. Let''s help others start their tech journey!',
   'Technology',
   now() - interval '3 days'),
  
  ('550e8400-e29b-41d4-a716-446655440033', '550e8400-e29b-41d4-a716-446655440001', 'Education accessibility in rural Pune', 
   'How can we bring quality education to underserved rural areas? Discussing solutions and challenges.',
   'Education',
   now() - interval '2 days')
ON CONFLICT (id) DO NOTHING;
